﻿<?xml version="1.0" encoding="UTF-8" standalone="yes"?>
<addon id="filmes11hd.repository" name="FilmesHD11" version="0.0.2" provider-name="eduartdo">
	<extension point="xbmc.addon.repository" name="FilmesHD11">
		<info compressed="false">http://raw.github.com/eduartdo/filmes11hd.repository/master/addons.xml</info>
		<checksum>http://raw.github.com/eduartdo/filmes11hd.repository/master/addons.xml.md5</checksum>
		<datadir zip="true">http://raw.github.com/eduartdo/filmes11hd.repository/master/repo/</datadir>
	</extension>
	<extension point="xbmc.addon.metadata">
		<summary>FilmesHD11</summary>
		<description>Addon Description</description>
		<disclaimer></disclaimer>
		<platform>all</platform>
	</extension>
</addon>